Timestamp,nvts
2020-05-25 18:59:50,21.4431136276848
2020-05-26 02:52:08,21.3928321304906
2020-05-26 10:46:37,21.3962816707204
2020-05-26 18:11:34,21.2176632567564
2020-05-26 23:33:46,21.2797941834523
2020-05-27 07:31:50,21.3209129714069
2020-05-27 13:43:42,22.0697419567937
2020-05-27 18:51:40,22.1497749711893
2020-05-28 00:17:06,22.1655758106785
2020-05-28 07:10:45,22.0569583469186
2020-05-28 14:19:36,22.6526168173827
2020-05-28 20:28:48,22.7503513807283
2020-05-29 01:52:18,22.9117075241495
2020-05-29 07:59:23,22.9114637001222
2020-05-29 15:30:57,22.7265528043642
2020-05-29 20:31:13,22.5931590152637
2020-05-30 03:16:06,22.5150994014929
2020-05-30 09:24:13,22.842155725123
2020-05-30 14:53:48,22.8783923048488
2020-05-30 20:37:50,22.8148177665604
2020-05-31 01:24:43,23.0908726006886
2020-05-31 07:45:03,22.8161594097743
2020-05-31 12:43:40,22.9001927154071
2020-05-31 18:06:22,22.6799301947883
2020-06-01 00:47:29,22.5463460878962
2020-06-01 08:43:17,22.8316972673747
2020-06-01 15:00:41,22.8329189309631
2020-06-01 20:39:56,22.8660572111109
2020-06-02 00:52:12,24.4358811287102
2020-06-02 08:23:19,24.0587261773812
2020-06-02 14:47:43,24.0566106923907
2020-06-02 21:23:15,22.466634232322
2020-06-03 03:47:39,22.3852116313582
2020-06-03 09:45:17,22.3794082642557
2020-06-03 16:26:54,22.4743896004661
2020-06-03 22:02:50,22.5255685857951
2020-06-04 03:56:13,22.7092966126264
2020-06-04 08:20:16,22.6264104320101
2020-06-04 14:21:23,22.8888223683387
2020-06-04 19:57:48,22.8831746707342
2020-06-05 01:23:47,22.9648557502095
2020-06-05 06:20:45,22.8854809941553
2020-06-05 10:52:22,22.9448297032802
2020-06-05 15:10:46,22.5579219524053
2020-06-05 20:08:22,22.6083619828683
2020-06-06 01:22:22,22.270941003629
2020-06-06 06:31:31,22.2971232878878
2020-06-06 10:00:44,22.3911685451442
2020-06-06 13:51:38,22.3059177976944
2020-06-06 18:42:21,22.223113351622
2020-06-06 22:43:26,22.4157791103002
2020-06-07 03:38:53,22.4039091578021
2020-06-07 08:48:24,22.3596545855961
2020-06-07 13:14:05,22.0250203011504
2020-06-07 18:53:38,22.035302146392
2020-06-08 00:54:01,22.6920371645747
2020-06-08 06:30:08,22.7319271818821
2020-06-08 11:35:47,22.716415532958
2020-06-08 16:48:17,22.6506485040507
2020-06-08 22:31:29,22.6875901152553
2020-06-09 03:59:15,22.6392163867142
2020-06-09 08:22:14,22.5884743145087
2020-06-09 14:23:31,22.6454233663508
2020-06-09 19:14:50,22.6329344885341
2020-06-10 00:22:47,22.7948968290775
2020-06-10 04:28:09,22.7308408384648
2020-06-10 09:07:16,22.709597468674
2020-06-10 14:50:34,22.7740708429875
2020-06-10 20:19:14,23.0531391936525
2020-06-11 01:31:24,23.1953431109624
2020-06-11 06:38:16,23.2171654540938
2020-06-11 12:37:33,22.992793024016
2020-06-11 17:05:06,21.2585268241604
2020-06-11 19:58:44,21.8821942682163
2020-06-12 01:06:35,21.8807113412344
2020-06-12 07:06:49,22.0383689332675
2020-06-12 12:05:34,22.3846721303211
2020-06-12 17:12:07,22.2079264897758
2020-06-12 21:13:50,22.3012191445695
2020-06-13 01:34:26,22.2537824885225
2020-06-13 06:23:45,22.1415114798167
2020-06-13 11:58:19,22.1529663720599
2020-06-13 18:23:09,22.1606094087731
2020-06-13 23:38:52,22.1748639688547
2020-06-14 04:06:22,22.1736330199379
2020-06-14 10:37:04,22.1434778777747
2020-06-14 15:17:08,21.9838494827209
2020-06-14 19:58:08,22.0997351034763
2020-06-15 01:17:40,22.0076489892502
2020-06-15 06:41:30,21.3153305988389
2020-06-15 12:13:44,21.4902975716347
2020-06-15 18:58:38,22.062038232639
2020-06-16 00:31:44,22.2705618589561
2020-06-16 06:22:37,22.515516530125
2020-06-16 12:10:03,22.4131190575338
2020-06-16 17:24:32,22.3374813405226
2020-06-16 23:27:37,22.3758309358749
2020-06-17 08:20:15,22.3084294407157
2020-06-17 13:58:30,22.2427437997975
2020-06-17 18:51:01,21.9897481049964
2020-06-18 00:25:26,22.1082962363567
2020-06-18 06:40:41,22.0264667249213
2020-06-18 13:53:43,22.0473903765462
2020-06-18 19:40:46,21.9657521799067
2020-06-19 03:24:02,21.6596566766101
2020-06-19 08:52:22,21.7142542721266
2020-06-19 15:18:08,21.8512160639847
2020-06-19 20:36:18,21.6550598819954
2020-06-20 04:06:20,21.6339176165218
2020-06-20 09:25:04,21.4728128743021
2020-06-20 14:39:32,21.4672175668988
2020-06-20 21:09:32,21.5483641579313
2020-06-21 03:59:40,21.6689581851472
2020-06-21 09:12:22,21.6499211129806
2020-06-21 15:09:09,21.6347040325922
2020-06-21 20:45:02,21.6354487142308
2020-06-22 02:22:08,21.7509850073484
2020-06-22 08:15:09,21.8675170701363
2020-06-22 13:38:09,22.0748232194681
2020-06-22 20:22:15,22.254586105482
2020-06-23 02:52:08,22.4423804237911
2020-06-23 08:43:56,22.4516084081574
2020-06-23 12:47:41,22.3481975308542
2020-06-23 17:38:58,22.358232956913
2020-06-23 23:14:00,22.1903387353017
2020-06-24 05:27:49,22.2431713860067
2020-06-24 12:16:34,21.3899324263641
2020-06-24 17:34:00,21.3012052530518
2020-06-24 23:04:12,21.2432726172643
2020-06-25 04:09:42,20.7396041792388
2020-06-25 12:04:38,21.0836865288931
2020-06-25 17:07:30,21.1179323937153
2020-06-25 23:36:27,21.0255581143698
2020-06-26 06:16:36,20.8845205954001
2020-06-26 11:17:59,20.8609845083792
2020-06-26 16:12:55,20.688879323063
2020-06-26 20:52:38,20.7106340088673
2020-06-27 01:46:00,20.6158278440023
2020-06-27 07:53:41,20.643943709483
2020-06-27 14:55:51,20.5495098898102
2020-06-27 20:25:27,20.0175102840456
2020-06-28 01:11:14,20.1236527841681
2020-06-28 05:36:24,20.0877175259449
2020-06-28 14:36:43,20.2656141429588
2020-06-28 19:10:32,20.4920513817136
2020-06-29 00:23:46,20.4308898318172
2020-06-29 06:38:18,20.3967596222164
2020-06-29 13:11:43,20.3698124042768
2020-06-29 18:02:05,20.5021453549613
2020-06-29 23:50:29,20.543086423583
2020-06-30 03:48:54,20.5181947016786
2020-06-30 08:56:08,20.4110977108665
2020-06-30 15:23:52,20.4719778167753
2020-06-30 22:47:51,20.3955514235445
2020-07-01 05:06:25,20.3587744552176
2020-07-01 08:37:20,20.3057165163329
2020-07-01 14:51:16,20.4482387779141
2020-07-01 20:39:27,20.5075405766542
2020-07-02 00:52:02,20.4691668473314
2020-07-02 04:19:19,20.4636715815217
2020-07-02 10:07:47,20.3789513387074
2020-07-02 16:50:44,19.9788764015023
2020-07-02 22:07:42,20.1400483114127
2020-07-03 02:04:25,20.100937539026
2020-07-03 08:26:20,20.069601125319
2020-07-03 13:06:28,20.0765846238945
2020-07-03 19:24:23,19.9863706232855
2020-07-03 23:33:43,19.9860098458507
2020-07-04 04:41:09,19.9577026417007
2020-07-04 09:35:36,19.936150651429
2020-07-04 15:10:23,19.8977098960266
2020-07-04 20:22:59,20.0201246261571
2020-07-05 01:33:23,20.001001853326
2020-07-05 07:53:21,19.8117238066271
2020-07-05 13:22:30,19.7800082058745
2020-07-05 17:15:22,19.7682718954407
2020-07-05 22:42:55,19.7862456945795
2020-07-06 05:20:30,19.946251742341
2020-07-06 11:12:01,20.1849908382523
2020-07-06 15:18:48,20.3411159261819
2020-07-06 20:36:23,20.4245457199395
2020-07-07 01:22:08,20.4978770858765
2020-07-07 05:23:23,20.369847831053
2020-07-07 11:35:03,20.2518267472119
2020-07-07 17:24:42,20.2475358211909
2020-07-07 22:28:30,20.1821556864367
2020-07-08 03:49:44,20.2879557750623
2020-07-08 10:17:39,20.221955134833
2020-07-08 15:59:34,20.5428817759665
2020-07-08 20:40:53,20.5393831611956
2020-07-09 03:05:21,20.4033181394701
2020-07-09 07:39:47,20.4555798941131
2020-07-09 12:21:27,20.4144337105292
2020-07-09 17:49:05,19.9883901485906
2020-07-09 23:18:34,20.0317696714717
2020-07-10 03:55:55,19.96951777089
2020-07-10 09:56:20,19.8575125341744
2020-07-10 16:07:43,20.0064281446176
2020-07-10 20:46:39,19.9546933918069
2020-07-11 01:56:13,20.0441785806677
2020-07-11 07:05:05,19.9574547689619
2020-07-11 12:14:13,19.8085327582522
2020-07-11 18:19:35,19.8175679380349
2020-07-11 23:29:43,19.7976103775669
2020-07-12 07:02:31,19.8764934232657
2020-07-12 11:58:10,19.8842439245468
2020-07-12 17:06:45,19.7710279918192
2020-07-12 21:34:00,19.7951238657071
2020-07-13 02:39:57,19.9149941873907
2020-07-13 07:12:42,19.8426958158153
2020-07-13 13:31:17,19.9614367743844
2020-07-13 18:51:22,19.9093215498263
2020-07-14 02:27:40,19.689755459881
2020-07-14 10:31:45,19.5743488516212
2020-07-14 15:22:30,19.6027427026181
2020-07-14 18:54:27,19.6702549000948
2020-07-15 00:34:13,19.6630042857326
2020-07-15 06:21:19,19.6203016920488
2020-07-15 11:57:13,19.6089570819513
2020-07-15 19:04:47,19.4564617537382
2020-07-16 01:48:34,19.5180415585219
2020-07-16 07:11:09,19.4309558830423
2020-07-16 13:13:55,19.2204873152745
2020-07-16 19:11:28,19.325657581246
2020-07-17 02:18:49,19.305358353815
2020-07-17 09:58:54,19.247331879669
2020-07-17 16:59:40,19.3087394284563
2020-07-18 00:41:52,19.3071008873278
2020-07-18 07:13:19,19.2427233327634
2020-07-18 13:17:52,19.301159734851
2020-07-18 19:42:02,19.3084956865522
2020-07-19 02:59:14,19.2409609688734
2020-07-19 09:46:55,19.2055125993503
2020-07-19 15:26:02,19.1537854948921
2020-07-19 20:53:51,19.2157086697591
2020-07-20 02:53:29,19.2507840679348
2020-07-20 07:43:10,19.2564073749567
2020-07-20 15:30:12,19.2054349692292
2020-07-20 21:39:28,19.1900625107671
2020-07-21 03:24:18,19.1967933279639
2020-07-21 10:12:41,19.4695497040154
2020-07-21 17:20:57,19.5387181678933
2020-07-22 00:33:28,19.594839036723
2020-07-22 06:24:31,19.4906034158612
2020-07-22 12:05:50,19.4793467902679
2020-07-22 17:40:46,19.4269951653951
2020-07-22 23:42:11,19.7913718724076
2020-07-23 07:28:45,19.7692060800733
2020-07-23 12:28:54,19.7868135673637
2020-07-23 18:36:16,19.9995572015639
2020-07-24 00:36:43,19.9776124944657
2020-07-24 06:33:35,19.8651744335938
2020-07-24 11:53:27,19.8406183222386
2020-07-24 17:51:27,19.8994241717997
2020-07-24 22:36:06,19.9175784691917
2020-07-25 03:19:07,19.8159942592263
2020-07-25 09:03:34,19.8401943755109
2020-07-25 14:15:49,19.7944520581146
2020-07-25 20:32:06,19.954098487232
2020-07-26 02:23:43,19.922420465668
2020-07-26 07:51:40,19.9677065815773
2020-07-26 13:24:43,20.3357210899118
2020-07-26 19:30:09,20.3987290427661
2020-07-26 23:47:54,20.4091849994641
2020-07-27 05:02:14,21.0419082775343
2020-07-27 11:02:34,21.1313381786984
2020-07-27 16:37:52,21.1884779683754
2020-07-27 22:25:43,22.8292685490509
2020-07-28 03:34:35,22.5484236324291
2020-07-28 09:50:37,21.9667223115156
2020-07-28 16:43:23,22.8175555758319
2020-07-28 22:02:37,22.4821143754467
2020-07-29 03:28:29,22.2793470207366
2020-07-29 07:31:25,22.6329710915679
2020-07-29 12:22:52,22.68590678825
2020-07-29 19:32:03,22.9731604299406
2020-07-30 01:44:01,22.8240959190081
2020-07-30 07:12:00,22.6136987461952
2020-07-30 13:40:06,22.4806519245064
2020-07-30 21:03:28,22.9149683088098
2020-07-31 03:09:36,22.5825261090251
2020-07-31 08:30:40,22.8781040783804
2020-07-31 14:39:27,22.8671405911451
2020-07-31 19:42:26,23.0044158407816
2020-08-01 01:45:46,23.0107357682833
2020-08-01 07:02:35,23.7615436053619
2020-08-01 13:46:10,23.763741702239
2020-08-01 21:29:01,24.091829111836
2020-08-02 01:17:44,23.9536764986461
2020-08-02 08:37:09,22.9659255105676
2020-08-02 14:53:49,22.5135899981365
2020-08-02 20:01:43,22.6460233989025
2020-08-03 01:36:50,22.4997274267323
2020-08-03 08:24:57,22.6561407550876
2020-08-03 13:55:11,22.7000683965766
2020-08-03 17:13:34,22.9463003110242
2020-08-03 22:28:12,22.6214449328935
2020-08-04 03:34:02,22.7598447846715
2020-08-04 10:09:38,22.6747126002572
2020-08-04 15:48:04,22.5485427022689
2020-08-04 22:12:39,22.6065532615134
2020-08-05 03:52:36,22.5037275923372
2020-08-05 08:58:51,22.6683364475209
2020-08-05 16:43:34,23.4615647419695
2020-08-05 22:55:51,23.6849171095562
2020-08-06 05:05:59,23.379025925843
2020-08-06 10:22:03,23.6305203735518
2020-08-06 15:52:49,23.7772865588672
2020-08-06 20:52:28,23.8832476176788
2020-08-07 02:07:47,23.8078238244414
2020-08-07 08:36:27,23.717517570341
2020-08-07 13:42:57,23.6354232283864
2020-08-07 19:18:04,23.0917047848603
2020-08-08 00:14:20,23.3203769276024
2020-08-08 06:31:21,23.3544500888143
2020-08-08 12:47:50,23.6635335865063
2020-08-08 18:33:17,23.4943127761236
2020-08-09 00:18:50,23.590252868072
2020-08-09 06:03:28,23.3347405097573
2020-08-09 12:35:01,23.3843179551467
2020-08-09 17:03:56,23.1894056053541
2020-08-09 21:48:47,23.3758825348196
2020-08-10 03:48:52,24.0901730543888
2020-08-10 11:17:49,23.4337441682511
2020-08-10 17:45:52,23.8388023308092
2020-08-10 23:02:03,23.7124019590285
2020-08-11 04:42:52,23.7230911016443
2020-08-11 09:12:03,23.461649849151
2020-08-11 15:53:39,23.1587242956941
2020-08-11 20:33:34,22.7758414319749
2020-08-12 01:42:51,22.6289583151856
2020-08-12 07:01:21,22.6258378839604
2020-08-12 12:24:26,22.8793506324923
2020-08-12 19:26:25,22.9860135138145
2020-08-12 23:35:44,23.0549477321234
2020-08-13 03:54:46,23.089764632435
2020-08-13 10:14:48,22.7358801243276
2020-08-13 16:07:08,22.9532775443574
2020-08-13 21:25:44,23.1622405883654
2020-08-14 03:21:14,23.4292390939127
2020-08-14 08:11:02,23.3548145371777
2020-08-14 13:12:35,23.3779732665136
2020-08-14 19:18:05,23.4928098808723
2020-08-14 23:35:29,23.3386649113258
2020-08-15 04:39:01,23.5202279080424
2020-08-15 11:07:11,23.3901888813226
2020-08-15 15:48:00,23.1949878522819
2020-08-15 21:22:04,23.2450667625979
2020-08-16 01:37:26,23.073161863467
2020-08-16 07:50:11,23.1534463629102
2020-08-16 13:36:31,22.8505672101093
2020-08-16 18:58:54,22.8856297574952
2020-08-17 01:35:29,22.8485896250575
2020-08-17 08:47:00,22.6821868445563
2020-08-17 12:32:33,22.7589954840165
2020-08-17 20:10:40,23.4245816456908
2020-08-18 03:06:35,23.2939301493383
2020-08-18 09:52:33,22.9607718196292
2020-08-18 16:46:30,22.2437354371463
2020-08-18 22:40:08,22.3873865165139
2020-08-19 03:02:13,22.0430199576373
2020-08-19 12:27:48,21.82049680691997
2020-08-19 17:37:25,21.574988869278272
2020-08-19 22:37:40,21.430951308753755
2020-08-20 04:46:05,21.33835377249981
2020-08-20 09:57:41,21.380415401707655
2020-08-20 15:07:11,21.455802377651338
2020-08-20 21:35:22,21.399255952546724
2020-08-21 02:52:24,21.241921174179588
2020-08-21 07:41:41,21.208705796107257
2020-08-21 12:52:05,20.958988853519347
2020-08-21 18:45:24,20.856479274714882
2020-08-22 00:51:00,20.484771026868895
2020-08-22 07:38:57,20.45966410536497
2020-08-22 13:25:40,20.48436798668589
2020-08-22 20:10:22,20.4307266643154
2020-08-23 01:12:02,20.475428729272178
2020-08-23 07:06:30,20.370893022895732
2020-08-23 12:08:32,20.20032142237167
2020-08-23 17:19:49,20.343528867937877
2020-08-23 22:55:29,20.3747447781609
2020-08-24 04:09:21,20.342631983996363
2020-08-24 10:47:41,20.50045742344708
2020-08-24 16:42:28,20.412375874107212
2020-08-24 21:43:16,20.288300430312212
2020-08-25 02:55:00,20.280290869544338
2020-08-25 09:39:45,19.891203375818737
2020-08-25 15:54:13,19.514587503186412
2020-08-25 23:27:52,19.408633743753505
2020-08-26 04:26:48,19.383833210439256
2020-08-26 10:11:46,19.355595187966664
2020-08-26 15:56:53,19.44757176049769
2020-08-26 22:16:14,19.42831647112417
2020-08-27 04:58:12,19.21068654687274
2020-08-27 12:52:55,19.01575325405773
2020-08-27 20:10:21,18.84615750172536
2020-08-28 01:00:28,18.960772438017514
2020-08-28 07:08:34,19.039366836586257
2020-08-28 12:24:28,19.038770794472033
2020-08-28 16:44:28,19.068867161825352
2020-08-28 21:25:41,18.90472218238464
2020-08-29 02:32:38,18.805343775004935
2020-08-29 08:24:51,18.86312591073942
2020-08-29 14:19:32,18.575592009404115
2020-08-29 19:59:56,18.670064626452746
2020-08-30 03:00:22,18.776050348065624
2020-08-30 09:59:17,18.608553298672497
2020-08-30 17:02:34,18.712507177686607
2020-08-30 22:45:25,18.589418604990477
2020-08-31 04:32:24,18.683537303413527
2020-08-31 08:29:35,18.559722015302206
2020-08-31 13:58:13,18.688890263639806
2020-08-31 20:10:10,18.64808917718957
2020-09-01 03:41:07,18.41159789089025
2020-09-01 08:59:57,18.795448659413996
2020-09-01 14:41:43,18.613094098358392
2020-09-01 19:15:43,18.70300746104386
2020-09-02 00:10:22,18.514380211404948
2020-09-02 06:20:08,18.33575031669995
2020-09-02 12:26:26,17.54922989570277
2020-09-02 18:39:34,17.412631749365783
2020-09-03 00:22:10,17.415826828761965
2020-09-03 07:58:23,17.19563722209805
2020-09-03 13:49:34,16.39986871313845
2020-09-03 21:01:06,16.2712006063654
2020-09-04 04:06:18,15.44443125941756
2020-09-04 08:30:20,15.43704670834802
2020-09-04 13:42:23,15.596368493991434
2020-09-04 21:18:22,15.694615882292311
2020-09-05 03:56:55,15.374264253928077
2020-09-05 10:18:43,15.089242815235476
2020-09-05 15:30:50,15.070627628916387
2020-09-05 21:41:39,14.66101910506033
2020-09-06 04:15:27,14.723588674231939
2020-09-06 09:21:30,14.75333335267531
2020-09-06 13:11:13,14.718689502136385
2020-09-06 19:06:31,14.649062565400405
2020-09-07 02:37:41,14.66302886560015
2020-09-07 08:24:38,14.391268608336869
2020-09-07 12:53:03,14.22382417089141
2020-09-07 17:13:55,14.425709023828635
2020-09-07 20:43:21,14.308103647611993
2020-09-08 01:47:49,14.508610209744102
2020-09-08 07:51:49,14.408203208036879
2020-09-08 13:54:33,13.938557329765125
2020-09-08 18:14:16,14.086291113304494
2020-09-08 23:44:03,13.974282497520333
2020-09-09 05:23:35,13.88585530712358
2020-09-09 10:07:08,14.00565499487475
2020-09-09 15:11:55,14.005290159170396
2020-09-09 21:33:21,13.947932426544172
2020-09-10 05:31:14,14.064343715558497
2020-09-10 10:37:51,13.853263931323644
2020-09-10 16:49:46,13.97847622012509
2020-09-10 20:06:01,13.702023758466451
2020-09-11 02:26:45,13.66770697537351
2020-09-11 09:16:36,13.563475722390631
2020-09-11 13:12:52,13.493441356562341
2020-09-11 19:31:37,13.46019075478597
2020-09-12 00:44:12,13.499529462166114
2020-09-12 07:18:25,13.34709301387129
2020-09-12 11:41:38,13.301274834029423
2020-09-12 16:29:52,13.270559566027668
2020-09-12 20:53:20,13.340916392099818
2020-09-13 02:14:55,13.246661243594348
2020-09-13 05:55:56,13.34665215128869
2020-09-13 11:30:27,13.189459552875094
2020-09-13 16:46:12,12.923512491550689
2020-09-13 21:49:23,12.914801845933898
2020-09-14 03:00:36,12.933545235440793
2020-09-14 08:21:34,12.954840156497278
2020-09-14 13:36:13,13.048891620120155
2020-09-14 17:49:37,13.278935025177903
2020-09-14 23:22:17,13.146803079453978
2020-09-15 04:41:55,13.231092824825994
2020-09-15 10:46:03,13.132148466196487
2020-09-15 16:14:22,13.200718442049654
2020-09-15 20:28:36,13.146505653153001
2020-09-16 01:58:13,13.021144962703659
2020-09-16 07:23:37,13.120354949658175
2020-09-16 12:48:06,13.136761852870217
2020-09-16 17:58:34,13.289136317981402
2020-09-16 23:40:52,13.171107525206398
2020-09-17 04:16:19,12.935987852976243
2020-09-17 09:18:00,12.88087946282064
2020-09-17 13:50:43,12.762571504462747
2020-09-17 18:04:22,12.779472316206373
2020-09-17 23:12:17,12.784102469432272
2020-09-18 04:47:05,12.727752095121328
2020-09-18 08:45:53,12.687850243629264
2020-09-18 12:31:04,12.633286546537615
2020-09-18 19:47:25,12.406598164338327
2020-09-19 01:19:40,12.46260164345371
2020-09-19 07:08:12,12.370992182100457
2020-09-19 11:56:47,12.37397516409512
2020-09-19 17:18:54,12.384826026218773
2020-09-19 23:32:22,12.334086830879912
2020-09-20 05:28:44,12.166098870323884
2020-09-20 12:25:33,12.09606949320486
2020-09-20 18:01:14,11.997866472636613
2020-09-20 23:13:48,11.938123168149344
2020-09-21 04:36:35,12.01977908315955
2020-09-21 09:14:03,11.870082204567536
2020-09-21 16:36:11,11.351656731366225
2020-09-21 21:57:16,11.385745221157526
2020-09-22 04:52:26,11.315640220861138
2020-09-22 11:39:39,11.280552758560722
2020-09-22 17:44:09,11.224789474775962
2020-09-23 00:33:54,11.274255715625456
2020-09-23 07:54:41,11.140521188456486
2020-09-23 14:03:17,11.19020717721251
2020-09-23 19:56:31,11.06844963742341
2020-09-24 00:13:04,10.853891755480143
2020-09-24 06:56:36,10.880330839899546
2020-09-24 12:01:25,10.986174548178496
2020-09-24 17:34:30,11.23822207875926
2020-09-25 00:27:16,11.277767481904732
2020-09-25 05:53:30,11.191741136055901
2020-09-25 10:51:49,11.07894220707343
2020-09-25 15:12:22,11.088841561065191
2020-09-25 20:53:46,11.147795317906812
2020-09-26 02:18:35,11.083282711631746
2020-09-26 09:34:47,11.039662121492404
2020-09-26 15:04:11,11.03360855757233
2020-09-26 20:22:24,11.000817179366544
2020-09-27 02:04:12,11.019552402116553
2020-09-27 07:34:22,10.882068503861932
2020-09-27 11:55:16,10.8549514035736
2020-09-27 17:45:15,10.896417485243076
2020-09-27 22:47:39,10.872074697501965
2020-09-28 05:32:54,11.033054990295295
2020-09-28 10:28:29,10.970110615870796
2020-09-28 18:04:58,10.979326651183909
2020-09-29 00:59:16,10.749090898252211
2020-09-29 06:35:14,10.70240195365583
2020-09-29 12:42:53,10.757319085635107
2020-09-29 18:51:18,10.656115054137143
2020-09-30 01:06:26,10.762895259134483
2020-09-30 06:23:37,10.627297013193402
2020-09-30 12:06:25,10.568403557153783
2020-09-30 17:08:58,10.653592636285628
2020-09-30 22:39:28,10.558709443317307
2020-10-01 05:08:05,10.63199942256331
2020-10-01 13:01:50,10.686733148883304
2020-10-01 19:27:19,10.362371254912794
2020-10-02 01:02:28,10.342494603990666
2020-10-02 07:11:06,10.232748872871397
2020-10-02 13:57:38,10.184849805316032
2020-10-02 19:52:51,10.223543990309567
2020-10-03 01:31:19,10.189216744028215
2020-10-03 05:53:41,10.170981369080145
2020-10-03 12:25:09,10.11679071053697
2020-10-03 17:09:11,10.132631583720174
2020-10-03 23:47:43,10.078968772106418
2020-10-04 04:26:48,10.051729787471896
2020-10-04 10:39:09,10.083903169972348
2020-10-04 15:51:48,10.05599882242314
2020-10-04 21:48:04,10.092406657474356
2020-10-05 02:32:55,10.123692359279946
2020-10-05 08:41:58,10.098208288323324
2020-10-05 15:33:45,10.121036499647964
2020-10-05 21:35:09,10.118433091817932
2020-10-06 02:55:10,10.131801967832057
2020-10-06 08:12:51,10.064010908980888
2020-10-06 15:13:47,9.992927216601316
2020-10-06 23:19:37,9.878606788713974
2020-10-07 06:02:51,9.889518548745087
2020-10-07 10:32:50,9.850063113544218
2020-10-07 15:21:05,9.876527594766474
2020-10-07 20:33:02,9.88493409919336
2020-10-08 02:11:13,9.852872095581777
2020-10-08 07:18:48,9.82088354284223
2020-10-08 11:35:36,9.794382525861524
2020-10-08 18:00:45,10.023823693731254
2020-10-08 23:54:59,10.01762327209309
2020-10-09 06:10:04,9.967966961972586
2020-10-09 12:14:28,10.119106465857064
2020-10-09 19:10:18,10.093418956456068
2020-10-09 23:54:13,10.089031693970412
2020-10-10 05:27:44,10.363976846251527
2020-10-10 12:18:45,10.254871265104356
2020-10-10 18:15:02,10.2455459963422
2020-10-10 23:22:56,10.212300860203403
2020-10-11 05:13:13,10.164777368234171
2020-10-11 10:51:47,10.178972312774604
2020-10-11 17:08:17,10.201894168723104
2020-10-11 23:32:37,10.144018630897707
2020-10-12 05:14:47,10.161612021182801
2020-10-12 10:35:11,10.118809585445172
2020-10-12 16:17:33,10.273657047529149
2020-10-12 21:47:16,10.261093495414249
2020-10-13 03:07:59,10.171249776981998
2020-10-13 09:11:51,10.146364726976822
2020-10-13 14:17:36,10.004590109752707
2020-10-13 19:01:35,10.014564426214248
2020-10-13 23:42:27,10.041464590305191
2020-10-14 04:25:04,9.98429372049625
2020-10-14 11:27:34,9.944257380596069
2020-10-14 16:23:02,9.87361760418134
2020-10-14 21:25:13,9.907823456408183
2020-10-15 04:00:22,9.885546900156763
2020-10-15 09:46:32,9.830517737287407
2020-10-15 15:56:31,9.85016291549855
2020-10-15 20:43:46,9.941550417244173
2020-10-16 02:02:15,9.926079743061553
2020-10-16 08:37:58,9.711346513139928
2020-10-16 13:26:25,9.738618917612364
2020-10-16 18:48:34,9.68777999586935
2020-10-16 23:49:50,9.67810973160415
2020-10-17 04:40:54,9.678887914935093
2020-10-17 08:35:45,9.652585694040457
2020-10-17 16:03:40,9.60799249761653
2020-10-17 21:33:19,9.598007293191781
2020-10-18 02:14:45,9.615814127545999
2020-10-18 08:36:31,9.637312436695185
2020-10-18 17:12:56,9.619330459410271
2020-10-19 00:41:13,9.628547087710333
2020-10-19 08:07:29,9.56963141432193
2020-10-19 14:48:01,9.701082241505738
2020-10-19 21:08:03,9.731208435927211
2020-10-20 01:45:26,9.70683032040144
2020-10-20 06:18:59,9.698288985506235
2020-10-20 13:03:06,9.758452147409285
2020-10-20 20:37:39,9.751141427187179
2020-10-21 03:11:18,9.869379060035222
2020-10-21 09:19:18,9.84622086990096
2020-10-21 15:37:44,10.264793885745652
2020-10-21 21:29:56,10.304266779018526
2020-10-22 04:25:04,10.164188211029334
2020-10-22 10:57:57,10.226997953233708
2020-10-22 16:49:43,10.221539007137238
2020-10-22 22:54:24,10.336781096208043
2020-10-23 06:55:45,10.166861318312451
2020-10-23 12:44:15,10.107574726824048
2020-10-23 19:51:21,9.978841709289167
2020-10-24 00:57:05,10.014701867746394
2020-10-24 06:10:55,10.01298080368098
2020-10-24 11:07:47,9.999796389915295
2020-10-24 16:50:56,10.079003505534075
2020-10-24 23:07:51,10.018314436684625
2020-10-25 05:18:50,9.905842933604593
2020-10-25 12:31:23,9.899948139728705
2020-10-25 19:49:49,9.9302301177262
2020-10-26 01:26:16,9.942017686900762
2020-10-26 09:56:40,9.94368857442392
2020-10-26 18:27:11,9.81606820995236
2020-10-27 02:18:47,9.87555243545073
2020-10-27 12:31:34,10.08128670489745
2020-10-27 21:04:59,10.279081673610003
2020-10-28 03:40:44,10.319393887041329
2020-10-28 13:06:07,9.784288164095992
2020-10-28 20:27:37,9.805756036184235
2020-10-29 03:39:24,9.854695699755474
2020-10-29 11:23:58,9.66638752090238
2020-10-29 20:54:07,9.940064012997954
2020-10-30 04:02:24,9.879856692656134
2020-10-30 09:48:21,9.747923265577352
2020-10-30 18:00:55,9.895412346382738
2020-10-31 03:19:21,9.830967572933893
2020-10-31 10:44:52,10.054595934795357
2020-10-31 18:57:57,9.958771813305823
2020-11-01 01:01:48,9.973203920864794
2020-11-01 07:21:52,9.991046278947755
2020-11-01 15:06:10,9.973369223331975
2020-11-01 21:24:04,9.952121465743328
2020-11-02 04:38:26,9.849994000284857
2020-11-02 12:50:54,9.535738598488413
2020-11-02 22:58:33,9.703285963939923
2020-11-03 05:49:19,9.521149157925068
2020-11-03 10:51:01,9.620885259407286
2020-11-03 17:25:48,9.722287215446864
2020-11-03 22:59:54,9.757710397211794
2020-11-04 03:18:19,9.79038244878422
2020-11-04 08:52:27,9.579062408403765
2020-11-04 14:28:52,9.689467377225466
2020-11-04 20:07:34,9.81076842931283
2020-11-05 01:13:05,9.871335144582616
2020-11-05 07:43:45,10.09906761109893
2020-11-05 13:27:17,10.315760116624373
2020-11-05 20:02:24,10.452633944241876
2020-11-06 01:15:54,10.889329314257623
2020-11-06 06:57:53,10.839105693710133
2020-11-06 12:57:00,10.60833085787454
2020-11-06 18:37:44,10.576924340874756
2020-11-06 23:07:56,10.624836718083447
2020-11-07 04:37:50,10.539597387869412
2020-11-07 11:33:57,10.502129154886989
2020-11-07 15:52:20,10.348469604013015
2020-11-07 21:51:27,9.975553151508768
2020-11-08 04:58:20,10.06615254321352
2020-11-08 09:56:59,10.088994628118805
2020-11-08 15:17:15,10.29238363820589
2020-11-08 22:44:19,10.381170439645832
2020-11-09 03:06:19,10.326534330738552
2020-11-09 08:50:25,10.291946720959835
2020-11-09 12:42:57,10.395010408994835
2020-11-09 16:32:43,10.078172082774113
2020-11-09 22:14:09,10.145224691573821
2020-11-10 01:52:44,10.21614695247921
2020-11-10 09:39:06,10.19560228659472
2020-11-10 14:31:22,10.052104528621864
2020-11-10 20:47:11,10.07944390450853
2020-11-11 02:24:23,10.125241685908238
2020-11-11 08:40:04,10.110140414755477
2020-11-11 14:41:17,10.250200937332798
2020-11-11 19:55:19,10.343282851954683
2020-11-12 00:31:05,10.195787395034746
2020-11-12 07:06:03,10.3348306203084
2020-11-12 13:55:41,10.393505933114511
2020-11-12 17:39:37,10.342382046281834
2020-11-12 22:15:24,10.509178005291336
2020-11-13 04:28:20,10.60442756855122
2020-11-13 10:01:17,10.469804307479475
2020-11-13 15:15:16,10.387536400236266
2020-11-13 21:44:17,10.488123576876438
2020-11-14 04:16:48,10.38358429766545
2020-11-14 09:39:42,10.156249730722061
2020-11-14 15:50:12,10.245469893937125
2020-11-14 21:01:01,10.264494171468762
2020-11-15 03:27:05,10.217155530931246
2020-11-15 09:17:24,10.312072223560515
2020-11-15 15:07:56,10.289277797271161
2020-11-15 20:50:13,10.179143715342262
2020-11-16 01:32:41,10.25361989279023
2020-11-16 06:55:15,10.449292840450372
2020-11-16 12:15:02,10.486843440917442
2020-11-16 17:21:58,10.708571754330363
2020-11-16 22:40:18,10.699572754239167
2020-11-17 03:50:33,10.570453817631808
2020-11-17 09:07:44,10.583448064611225
2020-11-17 14:56:41,10.86856495889916
2020-11-17 20:36:50,11.172685353896366
2020-11-18 01:39:31,11.181563482554187
2020-11-18 07:00:52,11.35665853930471
2020-11-18 11:24:42,11.437882685913872
2020-11-18 15:46:22,11.162866218805576
2020-11-18 21:06:25,11.067096402193236
2020-11-19 05:10:46,11.115070169619502
2020-11-19 11:47:54,11.004580823845664
2020-11-19 17:27:13,11.113911918579246
2020-11-19 22:29:45,11.019762916443561
2020-11-20 03:13:41,11.04856016184375
2020-11-20 08:02:56,11.259894074548464
2020-11-20 13:38:57,11.203091136724519
2020-11-20 17:49:36,11.453371340953925
2020-11-20 23:21:07,11.398170108388538
2020-11-21 05:16:32,11.363203082953818
2020-11-21 09:35:23,11.317686651411925
2020-11-21 14:06:34,11.372830695682323
2020-11-21 20:16:48,11.286678070846078
2020-11-22 01:01:26,11.15422743439781
2020-11-22 04:12:15,11.217802210630085
2020-11-22 09:06:59,11.065622035960793
2020-11-22 14:02:51,10.939371333943232
2020-11-22 19:15:30,11.157956189791685
2020-11-23 00:36:04,10.873936149068692
2020-11-23 07:24:06,11.061637649139152
2020-11-23 12:06:30,11.15526392620061
2020-11-23 17:25:21,10.971429609559472
2020-11-24 00:58:36,10.947769400477057
2020-11-24 06:32:26,10.942824344059604
2020-11-24 12:38:52,11.377867260264939
2020-11-24 19:18:20,11.363320049021903
2020-11-25 00:32:33,11.344095182406866
2020-11-25 06:45:31,11.153506766815187
2020-11-25 12:04:50,11.38324490124835
2020-11-25 17:46:31,11.213045123634862
2020-11-25 22:02:51,11.025747400310214
2020-11-26 03:52:55,10.505645336804152
2020-11-26 11:20:09,9.968488081830738
2020-11-26 15:27:45,9.897405089669592
2020-11-26 20:24:15,10.01377069815954
2020-11-27 02:00:35,9.967626144924704
2020-11-27 08:22:43,9.815406682240251
2020-11-27 14:33:52,9.752477510772055
2020-11-27 19:24:26,9.777080992178401
2020-11-28 00:15:14,9.971160668135152
2020-11-28 05:04:57,9.863271625997779
2020-11-28 10:46:23,9.983706773138325
2020-11-28 16:04:50,10.278866157028537
2020-11-28 21:36:54,10.298099656894168
2020-11-29 04:16:10,10.30783367370873
2020-11-29 08:43:07,10.521827935258205
2020-11-29 14:30:17,10.468076437890785
2020-11-29 21:20:20,10.59478946109978
2020-11-30 04:15:08,10.758641852002137
2020-11-30 10:10:43,10.756683670970954
2020-11-30 19:21:33,11.196979286734306
2020-12-01 00:40:08,11.370200225769784
2020-12-01 04:18:12,11.228950845529605
2020-12-01 10:19:46,11.451079974012943
2020-12-01 17:39:34,11.015651880255907
2020-12-02 00:33:14,10.878277695333649
2020-12-02 07:31:55,11.038973168400345
2020-12-02 13:04:54,11.032921007676547
2020-12-02 19:15:09,11.012968441870186
2020-12-03 00:34:43,11.058002615530507
2020-12-03 07:00:52,11.068353824317493
2020-12-03 11:12:42,11.193552626792986
2020-12-03 16:48:06,11.171583019511303
2020-12-03 22:18:39,11.228449444262015
2020-12-04 04:23:17,11.127538520151626
2020-12-04 10:13:31,10.929340028949925
2020-12-04 16:33:20,10.9143747676089
2020-12-04 21:17:55,10.817199422909171
2020-12-05 02:06:02,10.796319464531814
2020-12-05 08:50:47,10.994878192567125
2020-12-05 16:00:07,10.943174767830678
2020-12-05 21:22:52,10.89299909291047
2020-12-06 03:33:07,10.992482746258379
2020-12-06 10:21:08,10.90793228336196
2020-12-06 17:42:55,10.950564140682532
2020-12-06 22:10:02,10.958567592193374
2020-12-07 03:11:39,11.050079763815596
2020-12-07 07:01:06,11.113428225851282
2020-12-07 13:15:56,11.006055865011382
2020-12-07 20:04:26,10.91467493306363
2020-12-08 01:20:16,11.008574338643895
2020-12-08 07:23:58,10.967699558265734
2020-12-08 13:40:16,10.833163900996183
2020-12-08 19:39:54,10.756822285573108
2020-12-09 02:18:26,10.457782895335942
2020-12-09 08:59:40,10.28150528251728
2020-12-09 14:42:33,10.567368403439966
2020-12-09 19:41:08,10.45800014185679
2020-12-10 04:06:45,10.550595446599326
2020-12-10 10:49:12,10.401763219803588
2020-12-10 16:20:03,10.413773759855456
2020-12-10 21:51:41,10.513162036843392
2020-12-11 03:44:04,10.295769336157536
2020-12-11 09:50:58,10.190432172695264
2020-12-11 15:57:55,10.361829863347326
2020-12-11 22:00:42,10.373844540391929
2020-12-12 05:45:59,10.485620184314477
2020-12-12 11:25:07,10.593742056443785
2020-12-12 17:38:35,10.584239746131539
2020-12-12 23:49:07,10.767722138615689
2020-12-13 06:30:29,10.865328121000784
2020-12-13 11:24:13,11.06527999394006
2020-12-13 16:01:16,11.065995424144491
2020-12-13 21:02:59,10.974414888086137
2020-12-14 03:20:45,11.013438079951655
2020-12-14 08:43:12,10.991211234175527
2020-12-14 15:08:39,10.971938911881434
2020-12-14 20:08:29,10.964688573835383
2020-12-15 02:13:43,11.115310300597283
2020-12-15 08:32:54,10.908880862163388
2020-12-15 15:48:54,11.062191439334441
2020-12-15 20:54:12,11.09688543017209
2020-12-16 01:53:30,11.023854245905783
2020-12-16 07:31:21,11.038817438799034
2020-12-16 13:56:40,11.568531695095388
2020-12-16 21:00:22,12.054332539077253
2020-12-17 03:30:56,12.36556699901679
2020-12-17 09:54:53,12.884986472772354
2020-12-17 16:18:07,13.392810035153364
2020-12-17 22:17:07,13.020835894207403
2020-12-18 03:46:10,12.911454787518574
2020-12-18 09:54:22,13.114271463325752
2020-12-18 15:16:20,12.711086684085142
2020-12-18 20:00:26,12.81145400919964
2020-12-19 02:06:33,13.041863468224145
2020-12-19 06:55:26,12.827002816028676
2020-12-19 13:26:35,12.99483185519975
2020-12-19 17:43:55,13.373306652654406
2020-12-19 22:54:41,13.356805322751315
2020-12-20 04:02:00,13.063396291569726
2020-12-20 08:26:32,13.195690872956542
2020-12-20 14:47:32,13.11359309869709
2020-12-20 21:13:15,13.0283305827376
2020-12-21 03:28:28,13.350234227067142
2020-12-21 09:28:04,13.090056992478033
2020-12-21 14:49:15,12.913296124298224
2020-12-21 20:56:40,12.727964087117458
2020-12-22 02:37:23,12.785977857903847
2020-12-22 09:13:03,12.679621356943413
2020-12-22 15:30:55,12.967320997177719
2020-12-22 21:08:08,12.989437262636002
2020-12-23 03:29:05,13.119187064674074
2020-12-23 08:00:53,12.995860259717666
2020-12-23 13:31:54,13.027276785829798
2020-12-23 19:56:20,12.977666035098684
2020-12-24 01:10:43,12.763542201078808
2020-12-24 06:29:41,12.595976353746307
2020-12-24 12:15:10,12.716987381468043
2020-12-24 21:35:20,12.794586846356873
2020-12-25 02:05:48,12.817799623206945
2020-12-25 08:24:34,12.904764429774737
2020-12-25 14:43:20,13.072195943511133
2020-12-25 21:09:52,13.255447320937176
2020-12-26 03:32:16,13.498467496566894
2020-12-26 10:52:16,13.363980032109609
2020-12-26 15:22:14,13.821219411906087
2020-12-26 21:29:31,14.372004548938394
2020-12-27 02:43:59,14.274790903954107
2020-12-27 08:31:22,14.683539328505507
2020-12-27 14:03:23,14.58340541924453
2020-12-27 19:38:01,14.382276880860672
2020-12-28 01:23:40,14.310542036454411
2020-12-28 07:07:19,14.260829336083399
2020-12-28 11:46:32,14.154204777086314
2020-12-28 17:06:08,14.298538713557374
2020-12-28 23:04:13,14.218701367783353
2020-12-29 06:16:13,13.819249187174533
2020-12-29 11:24:09,14.054968635356332
2020-12-29 16:58:59,13.785528839122609
2020-12-29 21:58:47,14.0278773515685
2020-12-30 02:03:01,14.589228099102154
2020-12-30 06:23:15,14.762297725648788
2020-12-30 11:02:34,14.455819232351226
2020-12-30 15:53:42,14.598278220919507
2020-12-30 21:44:20,14.948724578202697
2020-12-31 03:15:28,14.990251841623111
2020-12-31 08:23:11,14.919721402304917
2020-12-31 13:43:54,14.67384091868573
2020-12-31 19:06:26,14.838846314183796
2020-12-31 23:24:45,14.826343496159023
2021-01-01 05:28:14,14.94774715868924
2021-01-01 10:11:44,14.945540539754425
2021-01-01 15:54:35,14.893644576760138
2021-01-01 22:48:42,14.891457619608813
2021-01-02 04:24:02,14.916309640924315
2021-01-02 09:07:25,15.028396541874312
2021-01-02 15:56:16,16.06840225312861
2021-01-02 20:41:08,15.544859051973985
2021-01-03 02:51:44,16.429951384768216
2021-01-03 08:01:01,17.203865401719554
2021-01-03 13:49:13,16.897652928775592
2021-01-03 18:15:28,16.265018272931957
2021-01-03 23:24:39,16.32203273075741
2021-01-04 05:01:46,16.2175883277407
2021-01-04 08:52:03,15.759758472810654
2021-01-04 14:04:07,15.697665817028767
2021-01-04 19:06:40,15.451962638559673
2021-01-05 00:10:21,15.82163475667558
2021-01-05 05:25:55,14.801121270462076
2021-01-05 12:13:47,15.309964633528871
2021-01-05 16:50:17,15.693965717146169
2021-01-05 22:15:09,16.526695556546567
2021-01-06 02:40:36,16.276254985872715
2021-01-06 07:37:52,16.62569176943103
2021-01-06 12:13:20,16.580365019198037
2021-01-06 16:51:09,16.450047190804693
2021-01-06 21:55:24,17.011346194706263
2021-01-07 02:12:38,17.466467979711595
2021-01-07 08:29:18,17.519126451683107
2021-01-07 12:55:03,17.786117622871778
2021-01-07 18:16:07,18.115450462709816
2021-01-07 22:39:31,18.40085260103549
2021-01-08 04:47:28,17.848239801958957
2021-01-08 11:44:46,18.982538969374833
2021-01-08 16:03:23,18.88394663740471
2021-01-08 21:55:08,18.212254126795056
2021-01-09 03:16:50,18.171733506618818
2021-01-09 09:53:23,18.115720286938163
2021-01-09 15:23:56,18.188259892552914
2021-01-09 21:45:54,18.24582045642258
2021-01-10 03:40:19,18.013328657774295
2021-01-10 08:38:21,18.12624182597487
2021-01-10 13:37:15,17.599433036176304
2021-01-10 19:10:06,16.471930059458476
2021-01-11 01:09:17,16.347801667292977
2021-01-11 06:07:44,14.349725822832974
2021-01-11 10:38:37,15.434376544314269
2021-01-11 17:42:40,14.24700643641942
2021-01-11 22:29:34,14.881484863591233
2021-01-12 02:54:50,14.831341482406105
2021-01-12 08:50:41,15.395132186417044
2021-01-12 14:51:13,14.309671993312431
2021-01-12 21:17:40,14.822743610760316
2021-01-13 03:12:03,14.37184338162952
2021-01-13 08:17:16,14.657778245538855
2021-01-13 13:47:30,14.651042574572413
2021-01-13 18:08:59,15.119785926702392
2021-01-14 00:51:04,15.945253423066465
2021-01-14 05:11:51,15.822705765613785
2021-01-14 11:59:14,16.130729960436792
2021-01-14 17:19:36,16.523734951416362
2021-01-15 00:07:57,16.45569894420274
2021-01-15 05:39:53,15.741916006646822
2021-01-15 12:04:08,15.678185322904659
2021-01-15 17:11:18,14.874050472322276
2021-01-15 21:49:56,14.953550547944522
2021-01-16 02:10:11,14.918048412696905
2021-01-16 08:39:45,15.40425528032497
2021-01-16 14:53:45,15.283859136991214
2021-01-16 20:12:16,15.0629344778991
2021-01-17 05:26:05,14.535913528984755
2021-01-17 10:49:56,14.210960682422964
2021-01-17 16:52:43,14.637534879256231
2021-01-17 22:00:14,14.745543050091877
2021-01-18 02:50:25,14.564286020180763
2021-01-18 08:34:48,14.736870785945195
2021-01-18 14:27:57,14.81516552102062
2021-01-18 21:47:07,14.719556195947126
2021-01-19 03:22:42,14.827169674960908
2021-01-19 08:21:25,15.113799761153272
2021-01-19 15:11:05,15.134410639573131
2021-01-19 19:12:20,14.656255851173414
2021-01-20 01:20:51,14.565260644429381
2021-01-20 07:52:56,14.374879982124275
2021-01-20 13:26:00,14.053197856381072
2021-01-20 19:37:25,14.140686935170471
2021-01-21 03:27:43,13.87325075341408
2021-01-21 10:33:57,13.129571903247012
2021-01-21 16:15:51,12.400880232001063
2021-01-21 21:45:50,12.436625532508678
2021-01-22 03:15:37,12.301911114801232
2021-01-22 07:59:24,12.253505617283833
2021-01-22 14:52:54,12.880191364080108
2021-01-22 20:29:16,13.254737473889438
2021-01-23 04:06:00,12.85573256628156
2021-01-23 10:31:20,12.731752179427517
2021-01-23 15:48:22,12.528889445934274
2021-01-23 20:29:51,12.641413185853262
2021-01-24 01:22:58,12.497121139342623
2021-01-24 06:36:45,12.833364379847104
2021-01-24 13:44:24,12.626516283719079
2021-01-24 18:48:50,12.449356561592019
2021-01-25 01:00:40,12.845452698573398
2021-01-25 07:09:46,13.041320107663072
2021-01-25 14:31:06,13.442716385254345
2021-01-25 19:47:06,12.989742608018757
2021-01-26 00:41:19,12.595989444695817
2021-01-26 05:08:08,12.42197081387561
2021-01-26 10:34:19,12.472683496360602
2021-01-26 16:41:34,12.358504560813389
2021-01-26 21:40:35,12.351094075436304
2021-01-27 05:23:01,12.153666954977632
2021-01-27 11:33:31,11.80769860444729
2021-01-27 16:18:56,11.758918316833693
2021-01-27 22:03:45,11.743564983807934
2021-01-28 04:21:20,12.028907470260842
2021-01-28 10:33:08,12.068736956497673
2021-01-28 14:44:20,12.194016877251405
2021-01-28 20:25:46,12.46957083387285
2021-01-29 03:22:03,12.894317691311427
2021-01-29 08:53:25,13.852235526087464
2021-01-29 13:55:41,14.579881698660534
2021-01-29 18:22:46,13.337152609938299
2021-01-30 00:00:24,12.91712914806304
2021-01-30 05:09:53,12.593966267409538
2021-01-30 11:40:52,12.616812876114675
2021-01-30 20:31:56,12.77931424102129
2021-01-31 01:47:44,12.77085928631682
2021-01-31 07:19:13,12.52807109237493
2021-01-31 13:14:35,12.54276823460187
2021-01-31 18:51:32,12.060841712662699
2021-02-01 00:49:28,12.083176366101606
2021-02-01 07:56:27,12.540148995128895
2021-02-01 15:05:23,12.279313865948374
2021-02-01 21:25:21,12.452880756036224
2021-02-02 04:49:55,12.515979814280357
2021-02-02 10:17:10,12.988787321960393
2021-02-02 15:10:32,12.785754951059676
2021-02-02 20:40:37,13.16463465320388
2021-02-03 01:27:26,13.172930191970297
2021-02-03 06:25:20,13.408872795651815
2021-02-03 12:31:34,13.240046482593085
2021-02-03 18:50:00,13.544543481702595
2021-02-04 00:10:55,13.903413796742656
2021-02-04 06:09:41,13.882572227919692
2021-02-04 10:41:16,13.678279471355772
2021-02-04 17:10:12,13.382966444533027
2021-02-04 21:58:21,13.644103785971124
2021-02-05 02:23:45,13.36689582687404
2021-02-05 07:38:47,13.616527047596458
2021-02-05 12:42:44,13.662051459780628
2021-02-05 17:58:00,13.614436100766083
2021-02-05 22:28:28,13.556033032355717
2021-02-06 04:32:25,14.036557280420721
2021-02-06 09:33:30,14.253672163055558
2021-02-06 16:11:51,14.468384103747832
2021-02-06 20:54:06,14.244773582306964
2021-02-07 00:42:35,14.00334164330444
2021-02-07 07:58:11,13.768437168769893
2021-02-07 12:40:12,13.666958031334454
2021-02-07 17:41:57,13.285442679543092
2021-02-07 22:57:58,13.575254735117353
2021-02-08 03:04:27,13.296142716240679
2021-02-08 09:08:17,13.589901075515407
2021-02-08 14:04:52,15.190252517042024
2021-02-08 19:59:22,14.95184142013957
2021-02-09 01:21:52,15.974236114523928
2021-02-09 07:54:55,16.392085019939863
2021-02-09 13:39:02,15.854287917274524
2021-02-09 19:40:24,16.01593003983316
2021-02-10 00:39:29,15.745382104108664
2021-02-10 06:32:27,15.6736177445417
2021-02-10 12:33:55,15.318042803199813
2021-02-10 18:29:52,15.043782933412906
2021-02-11 01:52:44,14.682005650852934
2021-02-11 07:45:20,14.811027169188979
2021-02-11 15:17:34,15.842028217566915
2021-02-11 20:58:18,15.460480763316292
2021-02-12 02:55:28,15.683882206787692
2021-02-12 09:25:56,15.427085772656243
2021-02-12 14:50:10,15.12602567295072
2021-02-12 20:41:00,15.433451391886232
2021-02-13 02:30:26,15.48008210266363
2021-02-13 09:02:55,15.20144605726899
2021-02-13 13:55:00,15.069730966797769
2021-02-13 19:08:55,14.977359636904458
2021-02-13 23:56:09,15.074804587167094
2021-02-14 04:45:00,15.17042493502639
2021-02-14 10:47:11,15.62042169214984
2021-02-14 16:39:51,15.563601490949118
2021-02-14 21:58:50,15.50992833011234
2021-02-15 04:38:33,14.837249389578377
2021-02-15 09:57:09,15.006971022517096
2021-02-15 16:06:02,15.290977378282973
2021-02-15 20:53:01,15.284861572670769
2021-02-16 04:45:12,15.477728455545536
2021-02-16 12:50:04,15.558417356139872
2021-02-16 18:25:11,15.157103539121989
2021-02-17 01:23:39,15.32944978527849
2021-02-17 07:12:32,15.888340835506437
2021-02-17 13:56:59,15.83333461854879
2021-02-17 19:15:17,16.081492622569325
2021-02-18 00:11:45,16.081247021363186
2021-02-18 05:17:06,16.005248051341173
2021-02-18 12:22:12,15.71107772782502
2021-02-18 19:27:29,15.71884963074346
2021-02-19 01:43:23,15.544439383494234
2021-02-19 07:07:44,15.642822786034253
2021-02-19 11:54:15,15.90715326500714
2021-02-19 18:07:31,16.655632954195426
2021-02-19 23:07:04,16.741646009819156
2021-02-20 04:29:12,16.662560613202974
2021-02-20 10:12:48,16.589182079250424
2021-02-20 16:25:20,16.765415817351744
2021-02-20 21:35:35,16.650588875412563
2021-02-21 04:20:50,16.62583000791971
2021-02-21 10:20:08,16.847995750748485
2021-02-21 15:17:11,16.73813564749488
2021-02-21 21:41:56,16.678897672235095
2021-02-22 04:42:35,16.182191462568298
2021-02-22 09:35:09,15.827932544236646
2021-02-22 15:45:10,15.344345609478426
2021-02-22 23:34:11,15.544539097768231
2021-02-23 06:24:06,14.199356790863378
2021-02-23 14:22:04,13.428979846909911
2021-02-23 20:07:05,13.633810589509077
2021-02-24 01:55:23,14.263298940004061
2021-02-24 07:07:05,14.20405523978956
2021-02-24 11:08:26,14.246803558249535
2021-02-24 16:48:40,13.905565583769443
2021-02-24 22:47:17,13.72843856466465
2021-02-25 03:11:43,14.080692266637607
2021-02-25 08:36:43,13.910470148123231
2021-02-25 13:45:52,14.359759395086952
2021-02-25 21:07:07,13.372028310784929
2021-02-26 03:45:04,13.113806722309542
2021-02-26 09:38:07,12.811708408000225
2021-02-26 14:13:37,12.895315420145279
2021-02-26 20:45:07,12.71023856521057
2021-02-27 01:38:08,13.068593401661545
2021-02-27 07:23:23,12.87114831584084
2021-02-27 11:23:04,12.878796947757152
2021-02-27 16:52:50,12.735951422501534
2021-02-28 00:02:48,12.563363862244891
2021-02-28 06:39:54,12.012876408593387
2021-02-28 13:21:27,11.93559582922922
2021-02-28 18:28:25,11.779717384900149
2021-03-01 01:58:28,12.446186784251587
2021-03-01 08:41:16,12.648847206551336
2021-03-01 15:08:44,13.221820084495743
2021-03-01 20:44:19,13.021624274358494
2021-03-02 03:07:24,13.121153922174798
2021-03-02 08:48:50,13.060454028357851
2021-03-02 14:50:13,13.034279804530943
2021-03-02 19:42:01,12.620158897241291
2021-03-03 01:30:37,12.95721859542392
2021-03-03 07:27:38,13.183959274364678
2021-03-03 12:36:27,13.883046277548326
2021-03-03 18:22:34,13.500769208119864
2021-03-04 01:32:38,13.519897657035894
2021-03-04 05:57:55,13.01751331807645
2021-03-04 13:17:05,12.98413435907407
2021-03-04 20:37:27,12.573346155181849
2021-03-05 02:10:50,12.26137581732308
2021-03-05 08:11:41,12.121209811223979
2021-03-05 12:04:44,12.374349746606255
2021-03-05 18:36:39,12.564011908763199
2021-03-06 01:19:54,12.576922050957974
2021-03-06 07:15:00,12.611964747448713
2021-03-06 11:22:51,12.41460538037291
2021-03-06 17:18:15,12.421292304767972
2021-03-06 23:46:45,12.558528337084779
2021-03-07 05:34:46,12.647664832728369
2021-03-07 11:30:19,12.968075567047165
2021-03-07 16:59:48,13.02959256209033
2021-03-07 22:25:11,12.850180263288234
2021-03-08 04:11:11,12.802873439684818
2021-03-08 09:39:02,12.629005990453193
2021-03-08 13:49:42,12.898177764204021
2021-03-08 20:16:27,13.070961450441217
2021-03-09 01:35:52,13.490219104431533
2021-03-09 06:53:54,13.53202634269623
2021-03-09 13:18:44,13.720596111537677
2021-03-09 20:01:45,13.556248486075903
2021-03-10 02:28:31,13.440337022435351
2021-03-10 07:37:17,13.470412349432868
2021-03-10 12:40:53,13.70410760702597
2021-03-10 18:29:42,14.068054458697526
2021-03-11 00:00:39,13.744822371385851
2021-03-11 07:22:47,13.552910434898822
2021-03-11 13:37:40,13.998593945919959
2021-03-11 19:27:16,13.941258171146444
2021-03-12 01:07:19,13.9223558348282
2021-03-12 05:55:57,13.966032629768575
2021-03-12 13:05:25,13.564707027938137
2021-03-12 17:39:53,13.909376248430645
2021-03-12 23:54:00,13.911654362948294
2021-03-13 05:11:07,13.762991225268603
2021-03-13 10:35:57,14.429446939373449
2021-03-13 19:03:46,14.685111259210318
2021-03-13 23:09:48,14.786843262940451
2021-03-14 04:29:37,14.759425605773085
2021-03-14 09:19:33,14.658308654882449
2021-03-14 14:58:43,14.429373702026941
2021-03-14 20:10:46,14.465521637835861
2021-03-15 02:15:41,14.399484673221613
2021-03-15 08:05:54,13.825017208959846
2021-03-15 12:54:27,13.499626344138436
2021-03-15 19:13:44,13.525927883197694
2021-03-16 00:38:52,12.900752055358826
2021-03-16 06:33:46,13.112939901464872
2021-03-16 12:26:37,13.108509493418063
2021-03-16 17:31:15,13.140643212410197
2021-03-16 23:42:28,13.541803511716981
2021-03-17 05:52:18,13.286743729991812
2021-03-17 11:51:24,13.007995522051784
2021-03-17 18:11:09,13.669245561448822
2021-03-17 23:51:30,13.982378238399228
2021-03-18 05:58:07,13.976688885953376
2021-03-18 11:57:33,13.7709109674425
2021-03-18 18:27:05,13.758646927034142
2021-03-18 22:26:25,13.605203179229092
2021-03-19 05:01:35,13.76836641530885
2021-03-19 11:28:15,13.866928524430774
2021-03-19 16:37:42,13.867797925135811
2021-03-19 21:22:29,13.805618969022392
2021-03-20 03:24:20,13.726769002718148
2021-03-20 08:42:34,13.783075887724157
2021-03-20 14:34:04,13.9293399767966
2021-03-20 19:47:02,13.89730801090989
2021-03-21 01:07:04,13.605090494099167
2021-03-21 08:18:28,13.355254345549612
2021-03-21 12:37:49,13.111356997264835
2021-03-21 17:40:35,13.354908281584159
2021-03-21 22:36:05,13.445486238348442
2021-03-22 04:47:48,13.434421738384211
2021-03-22 10:18:53,13.499089374735247
2021-03-22 15:35:05,13.284019747347001
2021-03-22 20:30:23,12.67568763288258
2021-03-23 01:44:23,12.807059378245352
2021-03-23 07:39:14,12.565495660315234
2021-03-23 12:17:51,12.771206174570763
2021-03-23 18:24:07,12.825061789842477
2021-03-23 23:55:34,12.570107968385138
2021-03-24 05:31:28,12.487670152353976
2021-03-24 09:10:58,12.99297829887902
2021-03-24 15:05:05,12.949376630471946
2021-03-24 21:44:01,12.341534901740243
2021-03-25 03:33:40,11.948029818001567
2021-03-25 08:43:01,12.0522222127961
2021-03-25 14:21:24,11.742607975419757
2021-03-25 19:04:03,11.935567033791225
2021-03-26 02:02:28,11.812103277444207
2021-03-26 08:11:39,12.181726492799234
2021-03-26 14:58:33,12.170680782124315
2021-03-26 20:43:56,12.281236600290798
2021-03-27 01:46:53,12.447200785360756
2021-03-27 06:30:43,12.521305192193816
2021-03-27 11:11:57,12.391069493885778
2021-03-27 17:43:32,12.759734718855126
2021-03-27 23:16:43,12.702954544739837
2021-03-28 03:47:55,12.755958320579587
2021-03-28 08:53:03,12.810596200919314
2021-03-28 14:37:55,12.688748727239384
2021-03-28 19:47:14,12.544709315506823
2021-03-29 01:04:57,12.55086366561432
2021-03-29 07:11:13,12.715644197692072
2021-03-29 12:45:13,13.20145165426005
2021-03-29 19:30:35,13.082265553895759
2021-03-30 00:33:57,13.048263038879925
2021-03-30 06:42:55,13.142054929895808
2021-03-30 12:01:48,13.371648252677419
2021-03-30 17:43:26,13.242587384606177
2021-03-30 23:15:11,13.235750674056407
2021-03-31 04:41:33,13.215144066423694
2021-03-31 10:50:08,12.972731451716243
2021-03-31 15:50:22,13.330811440152651
2021-03-31 21:33:57,13.251110998014502
2021-04-01 01:27:02,13.279690968285765
2021-04-01 07:53:24,13.19718056370706
2021-04-01 13:29:27,13.203624842342208
2021-04-01 19:04:24,13.170074672862963
2021-04-02 02:21:47,13.353120508646564
2021-04-02 07:09:58,13.28343745099612
2021-04-02 12:47:29,13.262563202948122
2021-04-02 20:01:29,13.061368135785626
2021-04-03 01:36:27,13.177289002803109
2021-04-03 07:08:51,13.204007883519951
2021-04-03 14:56:09,13.160831725806018
2021-04-03 21:19:24,12.813962931982186
2021-04-04 01:48:54,12.659843667978937
2021-04-04 07:58:09,12.766695145914214
2021-04-04 14:25:21,12.915983251393106
2021-04-04 21:19:16,12.897219869024536
2021-04-05 01:56:37,12.87143178423978
2021-04-05 07:47:27,12.697825969689658
2021-04-05 13:40:33,12.878644236345174
2021-04-05 18:35:05,13.102843980588181
2021-04-06 00:22:52,13.153722993515817
2021-04-06 05:51:39,13.037427355821498
2021-04-06 13:07:48,12.939285535748827
2021-04-06 18:44:08,12.835791563331798
2021-04-06 23:56:53,12.757769128991871
2021-04-07 06:13:34,12.828843863725265
2021-04-07 11:24:47,12.488020814145523
2021-04-07 16:21:06,12.40821978632124
2021-04-07 21:58:22,12.353233713442624
2021-04-08 02:05:51,12.412050314163041
2021-04-08 09:13:21,12.509237123927685
2021-04-08 14:19:37,12.631639986742378
2021-04-08 21:15:50,12.698966814531468
2021-04-09 04:37:57,12.779032372995097
2021-04-09 11:29:41,12.913344671750416
2021-04-09 16:22:10,12.835088022522509
2021-04-09 21:39:09,12.855393831444655
2021-04-10 01:41:30,12.785608677415205
2021-04-10 07:23:34,13.368657408030765
2021-04-10 12:36:26,13.326891163574588
2021-04-10 18:27:09,13.171182021508555
2021-04-10 23:22:29,12.961238541453161
2021-04-11 05:18:38,13.155099771164965
2021-04-11 11:10:37,13.0676085555177
2021-04-11 18:03:55,13.127876040177652
2021-04-11 22:53:33,13.072303415478428
2021-04-12 04:25:36,13.225163197388389
2021-04-12 09:50:21,13.320049105106898
2021-04-12 17:04:34,13.141964258160572
2021-04-12 22:03:27,13.158510876046313
2021-04-13 03:48:57,13.320055730932221
2021-04-13 09:09:28,13.72875775201205
2021-04-13 15:49:01,13.763866703976893
2021-04-13 22:18:36,13.774871871665617
2021-04-14 05:23:35,14.003864516040204
2021-04-14 11:12:31,13.919734312748055
2021-04-14 17:32:53,13.772243720015734
2021-04-14 23:12:13,13.610572761722818
2021-04-15 04:01:54,13.641093354657167
2021-04-15 09:37:46,13.536637527514518
2021-04-15 14:20:04,13.606591197807534
2021-04-15 19:23:10,13.53203034438955
2021-04-15 23:55:33,13.650183878936078
2021-04-16 08:25:17,13.20899390759027
2021-04-16 15:11:29,13.162268911086109
2021-04-17 01:24:56,13.154983858395186
2021-04-17 07:05:33,13.266935375264577
2021-04-17 18:12:04,12.734952491312011
2021-04-18 01:24:41,12.657659249371966
2021-04-18 08:14:54,11.97871520426078
2021-04-18 14:21:31,11.757056678869514
2021-04-18 23:37:21,12.021165849153492
2021-04-19 09:44:19,12.058626605002434
2021-04-19 17:53:50,11.63798597556406
2021-04-20 01:30:37,11.585947260548547
2021-04-20 08:50:59,11.538086862016453
2021-04-20 15:25:44,11.750254694359722
2021-04-20 21:56:42,12.033682539814698
2021-04-21 06:17:14,11.734445051271573
2021-04-21 14:29:19,11.747260393492933
2021-04-21 21:47:07,11.61106882051413
2021-04-22 05:51:55,11.443066513823451
2021-04-22 12:01:53,11.561603145027076
2021-04-22 16:43:48,11.510436778382877
2021-04-22 21:24:50,10.841190963386174
2021-04-23 04:53:40,10.542390630054127
2021-04-23 12:04:17,10.482244714633943
2021-04-23 16:59:57,10.417778546577976
2021-04-23 22:32:09,10.496484925894611
2021-04-24 04:59:14,10.439837815517274
2021-04-24 11:36:21,10.200922328180198
2021-04-24 17:46:06,10.375681945138084
2021-04-24 23:05:30,10.453324886929474
2021-04-25 04:40:17,10.300957516240869
2021-04-25 10:36:12,10.258558124040077
2021-04-25 15:37:13,10.43706560634733
2021-04-25 22:07:59,9.856628962383523
2021-04-26 03:00:38,10.751285495651523
2021-04-26 10:47:53,11.056454799126655
2021-04-26 20:30:26,11.152506317506917
2021-04-27 02:25:12,11.080023476711695
2021-04-27 06:50:47,11.097687580099793
2021-04-27 13:16:08,11.267424176478519
2021-04-27 19:19:15,11.270544501088844
2021-04-28 03:25:09,11.298616674572232
2021-04-28 06:51:05,11.151912957952998
2021-04-28 12:40:24,11.177099160764941
2021-04-28 17:49:53,11.117605096078789
2021-04-29 01:32:27,11.113306386222423
2021-04-29 08:57:36,11.042005422238605
2021-04-29 17:08:25,10.739479886526437
2021-04-29 22:39:55,10.806538466844891
2021-04-30 04:56:49,10.867723771443558
2021-04-30 10:26:52,10.995887858362318
2021-04-30 15:59:31,11.308731020513976
2021-04-30 22:22:02,11.511284450185094
2021-05-01 04:21:25,11.722206496387575
2021-05-01 10:48:38,11.568679733351113
2021-05-01 17:32:54,11.545759354159665
2021-05-01 23:02:29,11.568722359616515
2021-05-02 04:13:46,11.327494078376008
2021-05-02 08:45:35,11.353991542520209
2021-05-02 12:44:54,11.439691614920608
2021-05-02 17:47:48,11.326610548640017
2021-05-02 21:30:40,11.415803543366728
2021-05-03 03:24:37,11.6270829789136
2021-05-03 08:22:12,11.770224623659683
2021-05-03 12:24:03,11.734749396163497
2021-05-03 18:08:33,11.574126587842898
2021-05-03 22:36:38,11.384748259279943
2021-05-04 01:58:50,11.00467922413924
2021-05-04 07:25:30,11.141732601962692
2021-05-04 12:10:27,11.136267004775027
2021-05-04 16:32:35,10.655573926240747
2021-05-04 21:32:09,10.825466050147972
2021-05-05 01:46:51,10.768243266128518
2021-05-05 08:30:57,10.818821628289372
2021-05-05 12:24:24,10.857093699756913
2021-05-05 18:15:34,11.28053503510227
2021-05-05 23:39:43,11.243324956753877
2021-05-06 04:35:39,11.185316714515482
2021-05-06 09:06:43,11.193546034582834
2021-05-06 16:12:39,11.22425671608128
2021-05-06 20:55:54,11.022316978452247
2021-05-07 00:35:59,11.059801113364987
2021-05-07 05:43:32,10.945988855270308
2021-05-07 09:49:59,10.989253774764872
2021-05-07 16:14:46,11.262500819430397
2021-05-07 21:37:42,11.277568429973444
2021-05-08 00:57:06,11.210788655873616
2021-05-08 06:03:57,11.317284485477966
2021-05-08 10:43:36,11.496288353109925
2021-05-08 14:58:25,11.504460978663495
2021-05-08 21:38:48,11.507466398727727
2021-05-09 01:20:21,11.43326165551883
2021-05-09 06:02:11,11.411051730208573
2021-05-09 10:27:09,11.320222938799594
2021-05-09 14:35:57,11.17294847271226
2021-05-09 17:55:04,11.247939811948847
2021-05-10 00:01:26,11.381720606339375
2021-05-10 03:56:45,11.552994931752453
2021-05-10 08:11:18,11.439149338523116
2021-05-10 13:57:05,11.329252772480652
2021-05-10 18:15:04,11.212337383732105
2021-05-10 23:20:38,11.072602487126657
2021-05-11 04:24:36,10.879432098819287
2021-05-11 09:10:45,10.943142410768568
2021-05-11 13:46:53,10.964150221334943
2021-05-11 19:43:19,11.175114733879179
2021-05-11 23:43:00,11.204517881547247
2021-05-12 05:22:52,11.403132228406784
2021-05-12 10:25:30,11.311439355553834
2021-05-12 15:14:47,11.157870704860645
2021-05-12 19:02:18,10.77126683792895
2021-05-13 00:33:28,9.848711463273496
2021-05-13 05:13:57,10.045670671114197
2021-05-13 09:57:44,9.964635273419946
2021-05-13 16:27:20,9.89140056425648
2021-05-13 20:44:55,9.668375461054866
2021-05-14 03:02:40,9.833582694146065
2021-05-14 09:45:40,10.014289808174432
2021-05-14 17:47:56,10.096955578926005
2021-05-14 22:29:09,9.881447616124497
2021-05-15 03:08:53,9.919013469167933
2021-05-15 10:32:58,9.621036197705116
2021-05-15 17:48:11,9.470707345842285
2021-05-16 00:52:41,9.237849951073645
2021-05-16 07:14:00,9.695161785267354
2021-05-16 13:54:28,9.622684292373494
2021-05-16 21:01:48,8.728731379313155
2021-05-17 04:23:19,8.50328189415512
2021-05-17 10:50:51,9.003366465307758
2021-05-17 17:01:04,8.43652711855557
2021-05-17 23:20:27,8.509740024120076
2021-05-18 07:01:47,8.904794013620325
2021-05-18 15:24:18,8.577827799044664
2021-05-19 00:53:04,8.508195365849271
2021-05-19 07:29:01,7.828985246614701
2021-05-19 14:16:58,7.118358997263881
2021-05-19 21:14:58,7.629214133229773
2021-05-20 04:27:06,7.65323754537634
2021-05-20 12:05:41,8.060464792859252
2021-05-20 18:22:56,7.925472105659175
2021-05-21 02:39:56,8.26814077560315
2021-05-21 10:37:05,8.155934876298392
2021-05-21 18:36:31,7.46388388678351
2021-05-22 02:56:09,7.5294649242217
2021-05-22 09:59:13,7.3723310326335385
2021-05-22 16:19:49,7.643315663070734
2021-05-22 23:46:34,7.5329780419426395
2021-05-23 06:44:34,7.4005819723376876
2021-05-23 13:06:07,6.809824892668523
2021-05-23 20:19:23,6.651328300801326
2021-05-24 02:52:38,7.06869081003276
2021-05-24 11:25:54,7.3368339649332635
2021-05-24 16:45:53,7.5630181429657
2021-05-24 23:08:32,7.743361862434605
2021-05-25 05:30:58,7.739401377625562
2021-05-25 12:24:27,7.3762045388287065